id_code,true_label,naive_predicted_label,naive_confidence,naive_correct,mc_predicted_label,mc_confidence,mc_entropy,mc_correct
f4c7ae514c54,0,0,0.9962443113327026,1,0,0.99567049741745,0.03336990997195244,1
3b9817a39adf,0,0,0.9992958307266235,1,0,0.9992008209228516,0.007225349545478821,1
262ad704319c,4,3,0.6349019408226013,0,3,0.6505237817764282,0.76820307970047,0
94b9ccc73bb9,0,0,0.9983164072036743,1,0,0.9982204437255859,0.01477967482060194,1
e4ae1ee6aada,0,0,0.9935936331748962,1,0,0.9925236105918884,0.05190363526344299,1
d51e5d7484ea,0,0,0.9770838618278503,1,0,0.9763563275337219,0.1410486102104187,1
9858cc2ae073,0,0,0.9911148548126221,1,0,0.990275502204895,0.06784290075302124,1
36a1e3c780a0,2,1,0.9523700475692749,0,1,0.9449440836906433,0.24053388833999634,0
47d1603a555b,1,1,0.9742421507835388,1,1,0.9718726873397827,0.14413684606552124,1
203275daf46d,2,1,0.767001211643219,0,1,0.78557950258255,0.6086917519569397,0
5ea9e447bb62,0,0,0.9957516193389893,1,0,0.9954144954681396,0.03529132902622223,1
85f99e7e4052,0,0,0.5456031560897827,1,0,0.540259838104248,0.9380934238433838,1
c9d42d7534e0,2,2,0.6443467736244202,1,2,0.6353859305381775,0.9253895282745361,1
40527a5e95dd,2,1,0.5342803001403809,0,1,0.5330443978309631,0.8751817345619202,0
84c663f39632,4,4,0.551758348941803,1,4,0.5385607481002808,1.1851356029510498,1
4489d421e5aa,2,2,0.6992825865745544,1,2,0.6902416348457336,0.9380863904953003,1
f3b6b7ca1eb1,2,2,0.6333977580070496,1,2,0.6384303569793701,0.9758582711219788,1
705f508d1e42,0,0,0.9991831183433533,1,0,0.9990612268447876,0.008282197639346123,1
8871e6a26596,2,3,0.3798862099647522,0,3,0.39114058017730713,1.3527607917785645,0
d1cf31577a59,0,0,0.9977630376815796,1,0,0.9976608753204346,0.01898627169430256,1
0182152c50de,0,0,0.998489260673523,1,0,0.9983645677566528,0.014122696593403816,1
5d6239c0fd39,0,0,0.9961735606193542,1,0,0.9960174560546875,0.030661670491099358,1
184a185e7447,0,0,0.8292927742004395,1,0,0.83307945728302,0.6002386808395386,1
d844a7252f4e,0,1,0.787416398525238,0,1,0.7592389583587646,0.7316741943359375,0
1006345f70b7,2,3,0.8981958031654358,0,3,0.8905215263366699,0.4265768527984619,0
e25ccfe38e44,1,0,0.5311762094497681,0,0,0.5461086630821228,0.9955141544342041,0
523b3f0fc646,1,1,0.36182740330696106,1,1,0.3546874523162842,1.4005701541900635,1
15e96e848b46,4,3,0.8118780851364136,0,3,0.8060581684112549,0.5930004119873047,0
e582e56e7942,0,0,0.9951151609420776,1,0,0.9947074055671692,0.03854256868362427,1
9232dc06cfdc,0,0,0.9896494150161743,1,0,0.9898882508277893,0.06730343401432037,1
0231642cf1c2,0,0,0.97609543800354,1,0,0.9717262983322144,0.1454313099384308,1
4e85aa647534,0,0,0.9973042011260986,1,0,0.9968643188476562,0.025191709399223328,1
ee1ec90b980f,4,3,0.7634223699569702,0,3,0.7528862357139587,0.7538571953773499,0
a3132c8828e4,0,0,0.9967352747917175,1,0,0.9960148930549622,0.031378623098134995,1
1a03a7970337,1,1,0.9817548394203186,1,1,0.9790165424346924,0.1187940239906311,1
77a9538b8362,1,1,0.980847179889679,1,1,0.9794455766677856,0.11864165216684341,1
b3819a805dca,4,4,0.6055047512054443,1,4,0.592201828956604,0.9793850779533386,1
af133a85ea0c,1,1,0.9857748746871948,1,1,0.9838472008705139,0.0874626636505127,1
c1799a6f5c65,4,3,0.8409597277641296,0,3,0.8339613676071167,0.5734061002731323,0
0232dfea7547,0,0,0.9931233525276184,1,0,0.9924659729003906,0.052326954901218414,1
4aa3d771c5e4,0,0,0.991081953048706,1,0,0.9903305768966675,0.0651479959487915,1
b6fd109b1bc9,0,0,0.6688661575317383,1,0,0.6938186287879944,0.6512490510940552,1
144a1a426137,2,0,0.5099284648895264,0,0,0.49995002150535583,1.357485055923462,0
6fb656d506b2,3,3,0.7788768410682678,1,3,0.7737468481063843,0.7165957689285278,1
f6f433f3306f,3,3,0.8042639493942261,1,3,0.8000975847244263,0.6099791526794434,1
abbb8791785e,0,0,0.9975196719169617,1,0,0.9974644184112549,0.020799625664949417,1
22098b1fe461,1,1,0.6420754790306091,1,1,0.631470799446106,1.0867881774902344,1
5b2648ad455e,0,0,0.9969438910484314,1,0,0.9965705871582031,0.027163498103618622,1
18d8fdb140b7,2,2,0.9611818790435791,1,2,0.9568161368370056,0.21654224395751953,1
ef4121e9bb67,0,0,0.9847678542137146,1,0,0.9841815829277039,0.0995798259973526,1
fb6b8200b7f8,1,1,0.5349555015563965,1,1,0.5388023853302002,0.8923505544662476,1
788ddb0b70b7,3,3,0.6224515438079834,1,3,0.601433515548706,0.9261257648468018,1
95a4cc805c7b,1,0,0.7499436736106873,0,0,0.7499622702598572,0.870551586151123,0
99240ee00485,0,0,0.9939272403717041,1,0,0.9939528703689575,0.04354745149612427,1
58eb3809f456,0,0,0.9961277842521667,1,0,0.9959295392036438,0.031140413135290146,1
a7b7dc8788b9,2,2,0.5479565262794495,1,2,0.5627360343933105,1.1209909915924072,1
2b2f5a0f880d,0,0,0.9920227527618408,1,0,0.9915012717247009,0.05928310751914978,1
495106ae3b68,0,0,0.9845823049545288,1,0,0.9838262796401978,0.10357417911291122,1
e387311a840e,2,1,0.9623240828514099,0,1,0.961793065071106,0.19525066018104553,0
efff2f1a35f5,2,4,0.7579787373542786,0,4,0.7597947716712952,0.7682271003723145,0
4360a112db10,3,3,0.33021479845046997,1,3,0.3440415859222412,1.417203426361084,1
7f0ffeb0a333,0,0,0.996377170085907,1,0,0.9963953495025635,0.028305819258093834,1
525acfea47e8,2,2,0.8721969723701477,1,2,0.8645234107971191,0.48444581031799316,1
aafb0c944f14,0,0,0.9916132688522339,1,0,0.9919121861457825,0.056142114102840424,1
8c84e96d9b01,0,0,0.9947105646133423,1,0,0.9933393597602844,0.04370136559009552,1
6e861bc3bd7b,0,0,0.9862918257713318,1,0,0.985792875289917,0.09315647184848785,1
2bb3c492d6d3,0,0,0.9891936182975769,1,0,0.9871014356613159,0.07827204465866089,1
a7673ac44509,0,0,0.6648399829864502,1,0,0.6445778012275696,0.838394045829773,1
351e842842a2,0,0,0.9973602890968323,1,0,0.9971295595169067,0.022310132160782814,1
3e61703b5ab2,0,0,0.9981905817985535,1,0,0.998142659664154,0.015864640474319458,1
c48ae5da188e,2,3,0.5357924699783325,0,3,0.558114767074585,0.9559926390647888,0
0ef4c61dc056,0,0,0.9961102604866028,1,0,0.9958881735801697,0.03144262731075287,1
1d55e689cf84,2,2,0.47200772166252136,1,2,0.47660884261131287,1.2939671277999878,1
d51b3fe0fa1b,4,4,0.6241178512573242,1,4,0.5946809649467468,0.8584675192832947,1
537e50fdf22e,3,3,0.8780289888381958,1,3,0.869438886642456,0.44276225566864014,1
cd314653a4d8,0,0,0.9948095083236694,1,0,0.9943452477455139,0.04234914109110832,1
4df6a81b476e,3,3,0.8452183604240417,1,3,0.8286285400390625,0.5905799865722656,1
a04fb36db784,2,2,0.812533974647522,1,2,0.8071940541267395,0.6553215980529785,1
e9ff9352ccb3,1,1,0.8906066417694092,1,1,0.8740993142127991,0.529269278049469,1
c0968d41eb93,1,1,0.43203866481781006,1,1,0.4261699616909027,1.213700771331787,1
bd375ba756b1,0,0,0.9961221814155579,1,0,0.9959563612937927,0.03136439621448517,1
1ade1e949383,2,2,0.7824888825416565,1,2,0.768734872341156,0.717833936214447,1
966c07831334,0,0,0.9694101214408875,1,0,0.9707157611846924,0.16693153977394104,1
daad7b617f21,0,0,0.9553009271621704,1,0,0.9561378955841064,0.21807777881622314,1
594f69b503ad,2,2,0.7500870227813721,1,2,0.7677425146102905,0.7654249668121338,1
be7f791a7877,0,0,0.9971363544464111,1,0,0.9969324469566345,0.02440374530851841,1
14c3b41d289c,0,0,0.8955292701721191,1,0,0.8755059242248535,0.4621281027793884,1
789434d095d1,4,4,0.7840866446495056,1,4,0.7719897627830505,0.7071197628974915,1
8aab201c0691,2,2,0.8424453139305115,1,2,0.8307462930679321,0.5817478895187378,1
9faad91b6578,2,3,0.5839953422546387,0,3,0.5686475038528442,0.9328412413597107,0
d9bbdc33db83,2,2,0.5146333575248718,1,3,0.49076324701309204,0.8460042476654053,0
a1b28bcbce00,0,0,0.9259898662567139,1,0,0.9203833937644958,0.3191501498222351,1
4a44cc840ebe,2,3,0.48002156615257263,0,3,0.4760260581970215,1.0004786252975464,0
a3b2e93d058b,2,2,0.8371052145957947,1,2,0.8346365690231323,0.6122606992721558,1
a01024054596,1,1,0.9024710059165955,1,1,0.9081373810768127,0.395757794380188,1
cae51154e1ce,1,2,0.7357239723205566,0,2,0.71951824426651,0.7965294718742371,0
8bed09514c3b,4,1,0.8636123538017273,0,1,0.8646210432052612,0.48041874170303345,0
a6b6d27c1b32,0,0,0.9985384941101074,1,0,0.9983288049697876,0.014242132194340229,1
a2b995b81692,0,0,0.969048798084259,1,0,0.9683248996734619,0.17368067800998688,1
1864d3411143,0,0,0.9948030114173889,1,0,0.9937401413917542,0.046576276421546936,1
8d4d14a4ab07,0,0,0.9879779815673828,1,0,0.9877485632896423,0.07979490607976913,1
44855f666225,2,3,0.7198944091796875,0,3,0.7004276514053345,0.6871099472045898,0
bfa30ebf63a8,0,0,0.9867217540740967,1,0,0.9861376881599426,0.08913959562778473,1
82910bba4753,2,3,0.6490023732185364,0,3,0.6130325198173523,0.8056551218032837,0
bdb98063fe84,2,3,0.529607892036438,0,3,0.5190508365631104,1.0398000478744507,0
709784f7fcc2,2,4,0.6160529255867004,0,4,0.6246062517166138,1.0171639919281006,0
0dc031c94225,1,1,0.9871898293495178,1,1,0.9875410795211792,0.07592374831438065,1
869bbd3170cc,2,2,0.49148932099342346,1,1,0.5277732014656067,0.8036407232284546,0
bf9cba745efc,2,0,0.2863292396068573,0,0,0.28677237033843994,1.5243698358535767,0
e66855a5c583,0,0,0.978340208530426,1,0,0.9778361320495605,0.13050593435764313,1
d807c53c1399,0,0,0.9847477078437805,1,0,0.9847105145454407,0.09429171681404114,1
b8e9a8f4617d,0,0,0.9972217082977295,1,0,0.9972054958343506,0.021530982106924057,1
a3d2a0c4cd17,1,2,0.7226933836936951,0,2,0.7133466601371765,0.8594486713409424,0
6d259b5b4c76,4,4,0.7368675470352173,1,4,0.722903311252594,0.8155973553657532,1
44e0d56e9d42,2,2,0.8178320527076721,1,2,0.8009979724884033,0.7252200245857239,1
d8404680bba6,2,3,0.638435959815979,0,3,0.6253178715705872,0.9304358959197998,0
1ee355480567,0,0,0.998873770236969,1,0,0.9986910820007324,0.011671988293528557,1
b960142a8de7,3,3,0.7102136611938477,1,3,0.70453280210495,0.6714622378349304,1
a11c62cb3f86,0,0,0.9701856970787048,1,0,0.9674825072288513,0.16713136434555054,1
4faf4063db8c,0,0,0.9963286519050598,1,0,0.9962648153305054,0.029066791757941246,1
a3957df90a78,2,2,0.5336518287658691,1,2,0.528527021408081,1.1597342491149902,1
c639d837f5e4,0,0,0.9978201389312744,1,0,0.9980864524841309,0.016233760863542557,1
876e1dd12d38,2,2,0.9445652961730957,1,2,0.9376023411750793,0.276522159576416,1
d7bc62d60e8c,0,0,0.781629741191864,1,0,0.7703155875205994,0.6775224208831787,1
ee2c2a5f7d0e,2,3,0.5296585559844971,0,3,0.5287672281265259,0.9331832528114319,0
5e52c9fe676f,2,3,0.4824647009372711,0,2,0.49522724747657776,0.8794981837272644,1
4c570172778b,3,3,0.8277626633644104,1,3,0.8146572709083557,0.6046243906021118,1
75a7bc945b7d,2,2,0.8192936182022095,1,2,0.8108188509941101,0.660527229309082,1
535682537302,0,0,0.9986754059791565,1,0,0.9987449049949646,0.011281758546829224,1
2927665214e1,0,0,0.9843065738677979,1,0,0.9844251871109009,0.09432187676429749,1
7f2cce721e19,0,0,0.9955028891563416,1,0,0.9953668713569641,0.034243907779455185,1
91cbe1c775ef,2,1,0.5239729285240173,0,1,0.5103573799133301,1.015402913093567,0
59e5212f7139,1,1,0.9267533421516418,1,1,0.9246315956115723,0.3362032175064087,1
dcc6c0ad5cad,0,0,0.9974874258041382,1,0,0.9969175457954407,0.02346607856452465,1
6089fa333013,3,3,0.9388089179992676,1,3,0.93235844373703,0.2824379503726959,1
caec68f11c86,2,0,0.9864640235900879,0,0,0.9861548542976379,0.08968281000852585,0
c96f743915b5,1,2,0.7220792174339294,0,2,0.7210946679115295,0.870923638343811,0
9b57e43b44e7,0,0,0.9881793260574341,1,0,0.9874632358551025,0.07525980472564697,1
4dd14c380696,0,0,0.9812684655189514,1,0,0.981236457824707,0.11824626475572586,1
dad71ba27a9b,4,3,0.5193101167678833,0,3,0.5022299289703369,0.8739629983901978,0
20f86e068276,0,0,0.9983336329460144,1,0,0.9980311989784241,0.016171133145689964,1
91e8af9ceee9,2,2,0.8504650592803955,1,2,0.843911349773407,0.5974851846694946,1
cf603a9ef2d5,1,1,0.6042653918266296,1,1,0.6049312353134155,0.7892812490463257,1
5dd2e26fc244,4,4,0.5093294978141785,1,4,0.5022356510162354,1.11415696144104,1
e1418d28d668,2,2,0.9476429224014282,1,2,0.9404305815696716,0.29695746302604675,1
db690e2d02f8,1,1,0.4070972800254822,1,1,0.4058019518852234,1.2097644805908203,1
7c3747c0b2c3,0,0,0.994077205657959,1,0,0.9942544102668762,0.042892761528491974,1
31360e44ac64,0,0,0.994144856929779,1,0,0.9935190081596375,0.045540113002061844,1
1ca35d483772,0,0,0.9952297210693359,1,0,0.9951093792915344,0.036001987755298615,1
22d843b2bbd1,0,0,0.9984946250915527,1,0,0.9984878897666931,0.013178275898098946,1
9bd008aab548,0,0,0.9973370432853699,1,0,0.9972951412200928,0.021436776965856552,1
6fe67fd7f5d1,0,0,0.9763543605804443,1,0,0.9745479226112366,0.14916712045669556,1
f3a4751af42e,0,0,0.8987131118774414,1,0,0.9007542133331299,0.4366719424724579,1
6c3745a222da,4,4,0.8838152885437012,1,4,0.8638210892677307,0.45150965452194214,1
10eefba568dd,2,2,0.712533712387085,1,2,0.7022180557250977,0.7146745920181274,1
3b232b394e4f,4,4,0.8765577077865601,1,4,0.8781229853630066,0.4539920687675476,1
ee02294cc3d9,2,3,0.7572033405303955,0,3,0.7555513381958008,0.7485456466674805,0
e01b7bac822b,0,0,0.9946554899215698,1,0,0.9943986535072327,0.038264334201812744,1
d56d32a1d62d,0,0,0.9836967587471008,1,0,0.9821649193763733,0.11284559965133667,1
ff631653374e,0,0,0.9897061586380005,1,0,0.9898088574409485,0.07003350555896759,1
a14fcf84bfe1,3,2,0.5312380790710449,0,2,0.536406934261322,0.9804384708404541,0
1116271db4ea,1,1,0.7985435128211975,1,1,0.7799278497695923,0.5724295377731323,1
1b329a127307,1,2,0.4818362891674042,0,2,0.47098684310913086,1.279205322265625,0
acc9f29538c4,2,2,0.7732568383216858,1,2,0.767621636390686,0.7782896757125854,1
5f6db235c04d,0,0,0.9990726709365845,1,0,0.9988955855369568,0.009767779149115086,1
dd285d9e97fe,0,0,0.9522512555122375,1,0,0.949504017829895,0.24665576219558716,1
4a7dc013e802,4,3,0.595295250415802,0,3,0.5967057943344116,0.9419416189193726,0
f0546a45ef10,0,0,0.9945564270019531,1,0,0.9937893152236938,0.04476263374090195,1
f5e9a307288c,2,2,0.7848847508430481,1,2,0.7886876463890076,0.6612330079078674,1
382752f6694a,1,2,0.5013359189033508,0,2,0.48645055294036865,0.8760916590690613,0
f02956bd7c50,0,0,0.9935715198516846,1,0,0.9923346638679504,0.05488643795251846,1
921433215353,2,2,0.7402383685112,1,2,0.7398284077644348,0.795117974281311,1
85cbb84ac8e0,4,3,0.8623661398887634,0,3,0.863747775554657,0.4677234888076782,0
261c6bd63bff,2,2,0.8418567776679993,1,2,0.8425450325012207,0.4545416831970215,1
3b185ac445d0,4,3,0.5261678695678711,0,3,0.5056450963020325,0.8766091465950012,0
76cab26493f1,0,0,0.990562915802002,1,0,0.9893110394477844,0.06347468495368958,1
5a0fe0ee4301,0,0,0.9503225088119507,1,0,0.9438138604164124,0.28192436695098877,1
f361060eda3e,0,0,0.9980748891830444,1,0,0.9978277087211609,0.01810345984995365,1
530d78467615,2,2,0.5724796056747437,1,2,0.5636195540428162,1.145935297012329,1
69591ebb198d,2,2,0.6588588953018188,1,2,0.6687750816345215,0.8781585097312927,1
d994203deb64,2,2,0.5628994703292847,1,2,0.5560912489891052,0.9487611651420593,1
6810410187a0,2,1,0.5203922390937805,0,1,0.522363543510437,0.8161740303039551,0
201f6e10c108,0,0,0.9863866567611694,1,0,0.985837996006012,0.09041886031627655,1
b402daa0864c,2,2,0.5327591300010681,1,2,0.5386555194854736,1.0475037097930908,1
ea588d1e5d96,2,2,0.7841129899024963,1,2,0.7782748341560364,0.751460075378418,1
675de69373f8,0,0,0.9875652194023132,1,0,0.9865841865539551,0.0847439244389534,1
25002fe43f92,2,2,0.6611799597740173,1,2,0.6577699780464172,0.9562238454818726,1
6cb98da77e3e,2,2,0.5330916047096252,1,2,0.5160717964172363,1.0404661893844604,1
956765d5f46d,0,0,0.9757817983627319,1,0,0.9732069969177246,0.1516110748052597,1
53f6c1c65c04,1,1,0.9569885730743408,1,1,0.9519732594490051,0.21923039853572845,1
8e4a354e3da2,0,0,0.9963845014572144,1,0,0.9957695603370667,0.03291948884725571,1
c85b79d70079,0,0,0.9310687184333801,1,0,0.9245942234992981,0.3410722613334656,1
4927945ecfed,0,0,0.9933356046676636,1,0,0.9925636053085327,0.05238858982920647,1
94b1d8ad35ec,1,1,0.5625097751617432,1,1,0.5472850203514099,0.9294160604476929,1
848e66b9e199,0,0,0.9119804501533508,1,0,0.9130887985229492,0.37314337491989136,1
a3802934bad7,2,1,0.7571951746940613,0,1,0.7444331049919128,0.8277217149734497,0
b665041e1633,2,2,0.5473541021347046,1,2,0.5376926064491272,1.14961838722229,1
9f4132bd6ed6,2,2,0.6277192234992981,1,2,0.6300106644630432,1.065569281578064,1
d6f6bdfd8011,0,0,0.9748708009719849,1,0,0.9718509912490845,0.16108408570289612,1
7635921c5efb,0,0,0.9959989786148071,1,0,0.9958456754684448,0.032450929284095764,1
a790a3b36390,2,2,0.6419640183448792,1,2,0.6338762640953064,1.0501012802124023,1
eb050765b323,0,0,0.9879810214042664,1,0,0.9874878525733948,0.08241812884807587,1
00cb6555d108,1,1,0.9935104250907898,1,1,0.9916001558303833,0.05697479099035263,1
b37aae3c8fe1,4,1,0.6655687093734741,0,1,0.6677486896514893,0.8373895883560181,0
9c14ce27cbfc,0,0,0.9994788765907288,1,0,0.9993857145309448,0.005912620574235916,1
1e742358e0b9,0,0,0.9984439015388489,1,0,0.9984186291694641,0.012760307639837265,1
674057ab250c,2,2,0.5688594579696655,1,2,0.5661212205886841,0.9409499764442444,1
ab78a66dee6a,0,0,0.9968546628952026,1,0,0.9964421391487122,0.027950458228588104,1
201f882365d3,0,0,0.9879834651947021,1,0,0.9884160757064819,0.07575629651546478,1
d26bb2ed6e71,0,0,0.9974090456962585,1,0,0.9971264600753784,0.02360456809401512,1
e3a7671f787b,2,2,0.8926916122436523,1,2,0.8856218457221985,0.46093228459358215,1
d10ef306996b,4,2,0.6052643060684204,0,2,0.5937783718109131,1.0292878150939941,0
8a9bef2fbd4e,3,3,0.9021079540252686,1,3,0.898974597454071,0.4099758267402649,1
437cbec4a3f8,2,2,0.9045145511627197,1,2,0.8997120261192322,0.38672202825546265,1
2974c6ad1d58,0,0,0.9942983984947205,1,0,0.993935227394104,0.043573878705501556,1
753b14c27c83,4,1,0.3989925980567932,0,1,0.4046741724014282,1.2944470643997192,0
54b322c66d01,0,0,0.9943191409111023,1,0,0.9938042759895325,0.04567793384194374,1
ccea49708830,0,0,0.9975021481513977,1,0,0.9974130392074585,0.021050523966550827,1
12bc439d373a,0,0,0.982761561870575,1,0,0.9826939105987549,0.10353410243988037,1
cd8da43e3069,0,0,0.9876746535301208,1,0,0.9875898361206055,0.07996924966573715,1
7d8f67cadc29,2,2,0.5959690809249878,1,2,0.5930538773536682,0.7656463384628296,1
55968f0e63c4,0,0,0.9984598159790039,1,0,0.9983391165733337,0.014082910493016243,1
c26f98f58350,0,0,0.9850301146507263,1,0,0.9828991889953613,0.11001968383789062,1
a08a0133754a,0,0,0.967296838760376,1,0,0.9636407494544983,0.20127689838409424,1
43f22d1be8dd,0,0,0.9994864463806152,1,0,0.9994340538978577,0.00539308600127697,1
9ad92f1c1542,2,4,0.47722354531288147,0,4,0.4821738004684448,1.2475411891937256,0
d99b0f7dd9b9,0,0,0.9954460859298706,1,0,0.9953813552856445,0.0349922776222229,1
7831ce1d895e,0,0,0.9659107327461243,1,0,0.9647217392921448,0.18875640630722046,1
ee6e39319b39,2,2,0.5041776895523071,1,2,0.5046336054801941,0.8107894659042358,1
76be29bb30b2,1,1,0.9122591614723206,1,1,0.8987019658088684,0.39059358835220337,1
2b21d293fdf2,2,2,0.436384379863739,1,2,0.4312920570373535,1.199614405632019,1
ecad6845f630,0,0,0.9490908980369568,1,0,0.9500077962875366,0.2608909010887146,1
3f49f8d100e9,3,3,0.8221122622489929,1,3,0.8064203262329102,0.5606598854064941,1
958c1fa044ba,0,0,0.9771311283111572,1,0,0.975533664226532,0.1447151005268097,1
910bfd38e2f5,3,3,0.6982501149177551,1,3,0.6840230226516724,0.8420436382293701,1
cd54d022e37d,4,2,0.4919911324977875,0,2,0.4693821966648102,1.1628514528274536,0
2221cf5c7935,0,2,0.39284831285476685,0,2,0.38833391666412354,1.3150031566619873,0
72595230840c,3,3,0.7708893418312073,1,3,0.7602027058601379,0.6076728701591492,1
3f0d3629d69e,0,0,0.996826171875,1,0,0.996567964553833,0.027071993798017502,1
26e231747848,2,2,0.7602841258049011,1,2,0.7530288100242615,0.7575727701187134,1
a56230242a95,2,2,0.562723696231842,1,2,0.5658296346664429,1.0298306941986084,1
8acffaf1f4b9,2,2,0.5823863744735718,1,2,0.5644115209579468,1.1283183097839355,1
23175b7ef453,2,2,0.8459435701370239,1,2,0.8459407091140747,0.59560227394104,1
cc3d2e961768,4,3,0.5515521168708801,0,3,0.5674654245376587,0.7464330196380615,0
1269ab57c2e6,2,1,0.8227981328964233,0,1,0.8249320387840271,0.57526034116745,0
246e4506824a,2,2,0.9179153442382812,1,2,0.9114744067192078,0.39718806743621826,1
d51c2153d151,0,0,0.8483092784881592,1,0,0.8382580280303955,0.49538248777389526,1
a627eb8c08c5,0,0,0.9992961883544922,1,0,0.9993563890457153,0.006041060201823711,1
baaca2f7e1f0,0,0,0.9970466494560242,1,0,0.996894896030426,0.025046203285455704,1
a8854768549f,0,0,0.9985342025756836,1,0,0.9982705116271973,0.014793723821640015,1
b1c6f0997e27,0,0,0.987179160118103,1,0,0.9877532124519348,0.0777539387345314,1
e2265c383348,0,0,0.9994215965270996,1,0,0.9993889927864075,0.005791680887341499,1
4beeca5cc859,0,0,0.9992820620536804,1,0,0.9993031024932861,0.006599448621273041,1
c87493ed320c,2,2,0.829432487487793,1,2,0.8090230226516724,0.6562879085540771,1
d57d1be1bbd1,0,0,0.8939929008483887,1,0,0.8790441751480103,0.5044194459915161,1
3f6c627e2ff2,0,0,0.9825772643089294,1,0,0.9814575910568237,0.11488504707813263,1
17eff993386f,1,1,0.652861475944519,1,1,0.636538028717041,1.00368070602417,1
3f44d749cd0b,0,1,0.9744476079940796,0,1,0.973727822303772,0.14461277425289154,0
b35cad8fe2d7,0,1,0.8472318053245544,0,1,0.8367052674293518,0.564068078994751,0
be3a7d9e981e,0,0,0.9974818825721741,1,0,0.9975298643112183,0.020371682941913605,1
683023cda6a5,0,0,0.9983397722244263,1,0,0.9983295202255249,0.01449168473482132,1
07596907347b,0,0,0.9967303276062012,1,0,0.9961240887641907,0.029870912432670593,1
9d75de31f1b8,0,0,0.9952465891838074,1,0,0.9947365522384644,0.03891145810484886,1
49419f8d5cb4,2,2,0.9713303446769714,1,2,0.9683265686035156,0.17574578523635864,1
16ce555748d8,4,4,0.7653312683105469,1,4,0.759257972240448,0.6485787630081177,1
fe06dad6851c,0,0,0.9893819093704224,1,0,0.988068163394928,0.08081038296222687,1
e76a9cbb2a8c,3,3,0.5505733489990234,1,3,0.5227211713790894,0.8067587614059448,1
a4359815f152,2,2,0.4676593244075775,1,2,0.47457677125930786,0.9312880039215088,1
9d62478042b6,0,0,0.9853692650794983,1,0,0.9841271042823792,0.101206935942173,1
ffd97f8cd5aa,0,0,0.9971534013748169,1,0,0.9968015551567078,0.02526727318763733,1
33b91def2035,0,0,0.9978367686271667,1,0,0.9976261258125305,0.019697753712534904,1
345b1f0abbba,0,0,0.9978856444358826,1,0,0.9975454807281494,0.01962633617222309,1
eb32a815f78c,2,2,0.7976204752922058,1,2,0.7801804542541504,0.7095017433166504,1
2d9d97a6e713,1,1,0.598953902721405,1,1,0.6059684157371521,0.8035900592803955,1
a8b637abd96b,0,1,0.8818543553352356,0,1,0.8568499684333801,0.4545934796333313,0
4b5ffea77373,2,2,0.966456413269043,1,2,0.9607436656951904,0.1942770779132843,1
a49b0b4484ea,2,2,0.42334967851638794,1,2,0.4362742602825165,1.3609974384307861,1
80964d8e0863,4,3,0.5019862651824951,0,3,0.49729716777801514,1.0605566501617432,0
086d41d17da8,1,1,0.7785925269126892,1,1,0.7690565586090088,0.8221746683120728,1
1d14dd912671,2,2,0.9286397695541382,1,2,0.9200360178947449,0.3407685160636902,1
4189d4e631ec,2,3,0.7972831130027771,0,3,0.7968207001686096,0.6614135503768921,0
702de9dcde32,4,4,0.7970548868179321,1,4,0.7910267114639282,0.5949066281318665,1
9a56cfb980ec,0,0,0.9972213506698608,1,0,0.9970742464065552,0.023559462279081345,1
4dd4a4bf2421,0,0,0.9974518418312073,1,0,0.99703449010849,0.024079779163002968,1
77f69c7ff324,2,3,0.5404050946235657,0,3,0.5331350564956665,0.9877505898475647,0
7b29e3783919,3,3,0.9214449524879456,1,3,0.9177691340446472,0.3481580317020416,1
f35d80bb1a22,0,0,0.9789657592773438,1,0,0.9778864979743958,0.1302662491798401,1
c0a0828e01b4,3,2,0.7970460057258606,0,2,0.7918780446052551,0.7140401601791382,0
4f46d7ee61ed,2,3,0.5748680233955383,0,3,0.56182461977005,0.9394928216934204,0
ed648b9bcd95,0,0,0.980588972568512,1,0,0.9785431623458862,0.10680099576711655,1
573ea80a53be,0,0,0.9860490560531616,1,0,0.9854043126106262,0.09431739151477814,1
aafe980edd0c,0,0,0.9797547459602356,1,0,0.979133665561676,0.1269708126783371,1
f72adcac5638,4,4,0.48020803928375244,1,4,0.5016677379608154,1.1018669605255127,1
90a786abe58e,0,0,0.9574461579322815,1,0,0.9572557806968689,0.23138362169265747,1
032d7b0b4bf6,2,2,0.5086553692817688,1,2,0.5128758549690247,1.2149102687835693,1
63c7b0265775,0,0,0.9943267703056335,1,0,0.9938088655471802,0.04307259991765022,1
d8da9de62743,0,0,0.994523286819458,1,0,0.9940904378890991,0.04269400238990784,1
3b9c1f42c2f2,2,2,0.8692339062690735,1,2,0.8587923049926758,0.5549989938735962,1
a75bab2463d4,1,2,0.9074414968490601,0,2,0.8937126398086548,0.39307063817977905,0
c739ff9580d3,1,2,0.535305380821228,0,2,0.5121339559555054,0.8408143520355225,0
8f9819752ca0,0,0,0.9943243265151978,1,0,0.9938375353813171,0.04356883466243744,1
c06024f05a16,0,0,0.9847837686538696,1,0,0.9832814931869507,0.106289342045784,1
a484bdf85b4c,0,0,0.9829203486442566,1,0,0.9819868206977844,0.11155875027179718,1
3ce2f8a77a32,0,0,0.9991058707237244,1,0,0.9989683032035828,0.0093975979834795,1
b72f59b85f7c,0,0,0.9986215829849243,1,0,0.9985709190368652,0.012503987178206444,1
c3789c1dab96,0,0,0.9961771965026855,1,0,0.9957522749900818,0.032689549028873444,1
d78b7401096f,0,0,0.9111279845237732,1,0,0.8983532190322876,0.39273136854171753,1
d160ebef4117,0,0,0.9869123697280884,1,0,0.9873077869415283,0.07248355448246002,1
d83c3efade75,2,2,0.3875127136707306,1,2,0.3914465010166168,1.2487788200378418,1
a45c30da0c72,0,0,0.9966325163841248,1,0,0.9963809251785278,0.026062216609716415,1
32a3eb37ff40,2,2,0.30608153343200684,1,2,0.3065961003303528,1.3550763130187988,1
9c6512166557,0,0,0.9934455156326294,1,0,0.9927663803100586,0.051176078617572784,1
ccd6dcb2f568,0,0,0.9920853972434998,1,0,0.9900961518287659,0.06753943860530853,1
63b4d030b016,4,2,0.46800291538238525,0,2,0.46063342690467834,1.1939244270324707,0
84a72e15b23c,1,2,0.5328556299209595,0,2,0.5256561040878296,1.137916088104248,0
b9127e38d9b9,2,4,0.4831487238407135,0,4,0.45669394731521606,1.0760577917099,0
4e1e252317b5,0,0,0.9887297749519348,1,0,0.9884257316589355,0.07656088471412659,1
82bb8a01935f,4,2,0.4354536235332489,0,2,0.4490656554698944,1.0930273532867432,0
807135cbc438,2,2,0.6022078394889832,1,2,0.5765203237533569,0.838830828666687,1
780be525036d,0,0,0.9879233241081238,1,0,0.9871838092803955,0.08167733252048492,1
4b6895d0cf8d,0,0,0.9891822934150696,1,0,0.9875226020812988,0.07839427888393402,1
df8365d6ac33,2,2,0.9389111995697021,1,2,0.9256301522254944,0.29208725690841675,1
0edadb2aa127,3,3,0.639319896697998,1,3,0.6270794868469238,0.9040262699127197,1
9ba469af2980,0,0,0.9990344047546387,1,0,0.9989545941352844,0.00936388410627842,1
73ba798fee25,0,0,0.9981482028961182,1,0,0.99796062707901,0.01728028804063797,1
13073f075a56,0,0,0.9940629601478577,1,0,0.9935569167137146,0.04646870493888855,1
60eeae3ba23d,2,2,0.9693359136581421,1,2,0.9688335657119751,0.17041657865047455,1
ae5d31979f19,0,1,0.9509769678115845,0,1,0.9466202259063721,0.26045700907707214,0
40e9b5630438,1,1,0.980847179889679,1,1,0.9772501587867737,0.128620907664299,1
f092febbf5c0,3,3,0.5868566632270813,1,3,0.5826413631439209,1.0259932279586792,1
e65a2ff90494,2,1,0.5545331835746765,0,1,0.5530103445053101,1.046525001525879,0
2fdffb6160a6,2,2,0.7756268978118896,1,2,0.7654041647911072,0.6648430824279785,1
a76132e79688,0,0,0.9966641068458557,1,0,0.9963928461074829,0.028116997331380844,1
04579e31e4be,0,0,0.998013973236084,1,0,0.9979161024093628,0.017157405614852905,1
6daef3e5ca22,4,3,0.408907413482666,0,3,0.4235040247440338,1.2538961172103882,0
05cd0178ccfe,3,4,0.6089685559272766,0,4,0.6005035638809204,0.8306551575660706,0
9ae54843c69a,0,0,0.7689514756202698,1,0,0.7452759146690369,0.8284811973571777,1
93802d1e3c41,0,0,0.9963292479515076,1,0,0.9960017204284668,0.030924566090106964,1
4a213b405ee4,1,1,0.7134912610054016,1,1,0.724812924861908,0.6820013523101807,1
28dc010a0780,0,0,0.988235592842102,1,0,0.9870375990867615,0.08486144989728928,1
3d2ecffe0386,0,0,0.9970610737800598,1,0,0.99673992395401,0.026267103850841522,1
5090917a2676,1,1,0.7954266667366028,1,1,0.7971083521842957,0.7241857051849365,1
5f51192841f7,0,0,0.9990046620368958,1,0,0.998870849609375,0.010134072974324226,1
f06e7a9df795,0,0,0.9978436231613159,1,0,0.9974549412727356,0.019762763753533363,1
3af9aaa880e9,0,0,0.9970826506614685,1,0,0.9969601035118103,0.024208512157201767,1
4cde86044ad1,0,0,0.9962999224662781,1,0,0.9956403970718384,0.03260839730501175,1
65e530ee2e79,2,0,0.86122065782547,0,0,0.8652939200401306,0.5753939151763916,0
0db1d8dcf219,0,0,0.9737642407417297,1,0,0.972712516784668,0.1590995490550995,1
f0a2dc580009,0,0,0.999220609664917,1,0,0.9991245865821838,0.008070303127169609,1
77e7c7a160c8,2,0,0.4161190986633301,0,0,0.4173128604888916,1.3731366395950317,0
14e3f84445f7,3,4,0.5330097675323486,0,4,0.5242621302604675,0.8719564080238342,0
2463bb04ebc3,2,2,0.9224300980567932,1,2,0.9103490710258484,0.38108089566230774,1
b9d0b83d70c3,0,0,0.9965770840644836,1,0,0.9961379170417786,0.030390407890081406,1
907aaff827e5,2,3,0.6831104159355164,0,3,0.6785181164741516,0.779639720916748,0
6b869f37cdf3,2,2,0.3627406060695648,1,2,0.36433106660842896,1.211158275604248,1
d48178e4a49b,4,2,0.7654113173484802,0,2,0.7671117782592773,0.7604349851608276,0
540e4973829e,0,0,0.9972841739654541,1,0,0.9970796704292297,0.023639380931854248,1
ca63fe4f4b52,1,1,0.9797000288963318,1,1,0.9754151105880737,0.12929071485996246,1
1943983492e5,2,2,0.7515300512313843,1,2,0.7480130195617676,0.8004533648490906,1
eae901557a84,2,1,0.6767451763153076,0,1,0.659271776676178,0.8314416408538818,0
b3a994760537,0,0,0.9926484227180481,1,0,0.9918308854103088,0.056775081902742386,1
606daaf0bfc7,0,0,0.7361696362495422,1,0,0.7187104821205139,0.881568431854248,1
61ac9b0dc6b9,2,2,0.8818030953407288,1,2,0.8801682591438293,0.499147891998291,1
784d6d302f98,0,0,0.9917460083961487,1,0,0.9917575120925903,0.05762724205851555,1
b50b30aa6e6c,1,1,0.4860091805458069,1,1,0.4827544689178467,0.8698123693466187,1
5fcff7280019,0,0,0.941926896572113,1,0,0.9294944405555725,0.289956659078598,1
0790515cf5af,0,0,0.978861927986145,1,0,0.9779291152954102,0.13292068243026733,1
a06e5ac695ce,0,0,0.997463583946228,1,0,0.9972965717315674,0.021971166133880615,1
ec363f48867b,0,0,0.9981423616409302,1,0,0.9977238774299622,0.017868436872959137,1
de6210f88536,0,0,0.9948623776435852,1,0,0.9945312738418579,0.04041633754968643,1
254052cf3e48,4,2,0.42174839973449707,0,2,0.44052889943122864,1.3165521621704102,0
02da652c74b8,0,0,0.9919015765190125,1,0,0.9911269545555115,0.061475709080696106,1
c1e6fa1ad314,1,4,0.8758230805397034,0,4,0.8585445880889893,0.5532989501953125,0
e47452069ea1,0,0,0.9643344879150391,1,0,0.9604275226593018,0.2204485684633255,1
e3cd96cb094c,0,0,0.9948835968971252,1,0,0.9947792291641235,0.03968235105276108,1
2d558de2cabe,0,0,0.9898209571838379,1,0,0.9896036386489868,0.07050733268260956,1
8a67f1efa315,2,3,0.5235429406166077,0,3,0.5063757300376892,0.9799556732177734,0
b86fb2d5be1a,0,0,0.9989499449729919,1,0,0.9988017678260803,0.010584380477666855,1
260a455692b5,0,0,0.9958631992340088,1,0,0.9955470561981201,0.03417322784662247,1
6d5a8362dd1e,0,0,0.9581491351127625,1,0,0.9543783068656921,0.19799461960792542,1
2f143453bb71,0,0,0.9940885305404663,1,0,0.9934867024421692,0.04532245174050331,1
3580a545016d,0,0,0.9976773858070374,1,0,0.9976069927215576,0.018626894801855087,1
f576e45d1da2,3,2,0.8928421139717102,0,2,0.8983144164085388,0.4096808433532715,0
0a74c92e287c,0,0,0.9896742701530457,1,0,0.9901909828186035,0.06633704155683517,1
aef9016557ca,2,2,0.5540175437927246,1,2,0.5549341440200806,1.171065330505371,1
1d0b93317aa8,0,0,0.9964205026626587,1,0,0.9960149526596069,0.030471257865428925,1
cd5714db652d,1,1,0.9390890002250671,1,1,0.9402355551719666,0.24474988877773285,1
8185ce1cdcef,0,0,0.995337724685669,1,0,0.9955199360847473,0.03362478315830231,1
3b018e8b7303,3,3,0.4075137674808502,1,3,0.413503497838974,1.361295461654663,1
f3b27ac2d371,0,0,0.9988386034965515,1,0,0.9988176822662354,0.01041357684880495,1
1bf30c84bbad,4,2,0.6397067308425903,0,2,0.6588618159294128,0.9621578454971313,0
f9d52509c571,0,0,0.9990787506103516,1,0,0.998862087726593,0.010149963200092316,1
7247a2c97f71,2,2,0.7555801272392273,1,2,0.7433623671531677,0.6007298231124878,1
9d74428188bb,2,2,0.6290952563285828,1,2,0.6338756084442139,0.8725497126579285,1
4d3de40ced3a,0,0,0.9979017972946167,1,0,0.9976500868797302,0.01884051412343979,1
a34fc5376669,0,0,0.997606635093689,1,0,0.9975063800811768,0.020529795438051224,1
65c958379680,4,2,0.8597260117530823,0,2,0.8482718467712402,0.5831125378608704,0
a688f20f8895,2,1,0.61085045337677,0,1,0.6032053828239441,0.7899023294448853,0
874f8c1929f6,0,0,0.9978044629096985,1,0,0.9976819753646851,0.01902204006910324,1
0709652336e2,0,0,0.9974384307861328,1,0,0.9970887303352356,0.023836711421608925,1
d1a24527a15d,4,1,0.4771444499492645,0,1,0.4715314507484436,1.3322465419769287,0
6b91e99c9408,0,0,0.9970754384994507,1,0,0.9965871572494507,0.02743072248995304,1
ce754234d760,0,0,0.9844381213188171,1,0,0.9831103086471558,0.1030004471540451,1
e632e38fd2d4,0,0,0.9995688796043396,1,0,0.9994850754737854,0.005027070641517639,1
6c9c902a97de,0,0,0.9688132405281067,1,0,0.9667986035346985,0.17737330496311188,1
cfb17a7cc8d4,0,0,0.9811830520629883,1,0,0.9824232459068298,0.10497599840164185,1
9f436886e056,2,4,0.39784327149391174,0,4,0.39258241653442383,1.472025752067566,0
c704bd669f36,0,0,0.9880129098892212,1,0,0.9869243502616882,0.08380189538002014,1
8a25a080f28f,1,2,0.5922762751579285,0,2,0.5674788355827332,1.1816797256469727,0
99c626e58464,0,0,0.9881147146224976,1,0,0.9862702488899231,0.09044215828180313,1
838c87c63422,4,4,0.7610466480255127,1,4,0.7585210800170898,0.6952598094940186,1
e2a233493b90,1,1,0.49411463737487793,1,1,0.4939787685871124,0.8498777151107788,1
4926dea289f8,0,0,0.991757333278656,1,0,0.9912756085395813,0.059749167412519455,1
c280730cc211,2,4,0.6200611591339111,0,4,0.6371851563453674,0.9585245251655579,0
687759336b0d,3,3,0.680327296257019,1,3,0.6777913570404053,0.8912734985351562,1
a419fcb2dfb5,0,0,0.9854132533073425,1,0,0.9843927025794983,0.10187682509422302,1
51cfeccaf40d,2,2,0.8560492992401123,1,2,0.8472379446029663,0.5952813625335693,1
ed6704e3b72e,3,3,0.8721427321434021,1,3,0.8785616755485535,0.461901992559433,1
50ddd7d976df,0,0,0.9966768026351929,1,0,0.9967260360717773,0.024909887462854385,1
e599151ca14b,2,3,0.8957602977752686,0,3,0.8911650776863098,0.40689054131507874,0
521b5377a727,0,0,0.9845825433731079,1,0,0.9837762117385864,0.09223823249340057,1
1c6d119c3d70,2,2,0.562723696231842,1,2,0.5850576758384705,1.0044324398040771,1
6155cf375354,0,0,0.9876469373703003,1,0,0.987312376499176,0.08211144804954529,1
4ecd1fdd1435,1,1,0.9972063899040222,1,1,0.9967683553695679,0.023116007447242737,1
a4012932e18d,0,1,0.6499168872833252,0,1,0.639414370059967,1.0368843078613281,0
5152bf091152,2,2,0.7234910130500793,1,2,0.7272853255271912,0.8101779222488403,1
0d9a9896f801,0,0,0.9431984424591064,1,0,0.9459375143051147,0.2773047685623169,1
236f56771ec6,2,2,0.6910147666931152,1,2,0.6724214553833008,0.9800205826759338,1
1f15ca672675,0,0,0.9916778802871704,1,0,0.9908919334411621,0.06446468830108643,1
92d8a7c8e718,2,2,0.9208565354347229,1,2,0.9125339984893799,0.38547205924987793,1
75238d945315,0,0,0.9855228662490845,1,0,0.9864681959152222,0.08239471912384033,1
4da2961e62fe,1,1,0.9646908044815063,1,1,0.962249219417572,0.19309520721435547,1
f066db7a2efe,0,1,0.9727728962898254,0,1,0.9686645269393921,0.15349945425987244,0
894a37fc3738,0,0,0.9941504597663879,1,0,0.9940934181213379,0.04370936378836632,1
a247961a5cd9,0,0,0.9042620062828064,1,0,0.9003745317459106,0.4478858709335327,1
b11dcdcbc8c8,0,0,0.9824892282485962,1,0,0.9807226657867432,0.10803994536399841,1
2c77bf969079,0,0,0.9821412563323975,1,0,0.9807850122451782,0.11338094621896744,1
76cb010f7aa0,0,0,0.9965054988861084,1,0,0.996146559715271,0.029950708150863647,1
6cd606dc52e9,4,4,0.55030757188797,1,4,0.5497972965240479,1.180175542831421,1
82d364726a58,0,0,0.9401674270629883,1,0,0.9392946362495422,0.2892577648162842,1
8f318a978844,4,4,0.5711082816123962,1,4,0.5687138438224792,0.8366435766220093,1
b7ce561a7328,0,0,0.9909006357192993,1,0,0.9902012348175049,0.06588983535766602,1
6966abf40b8c,0,0,0.9979852437973022,1,0,0.997645914554596,0.01927836611866951,1
453d553b0a94,2,4,0.48971590399742126,0,4,0.4852733314037323,1.223570704460144,0
30db694bee42,0,0,0.9990112781524658,1,0,0.9988492727279663,0.010433079674839973,1
c9485c38fdd5,1,3,0.45995956659317017,0,3,0.465270459651947,1.1166932582855225,0
59ee65760535,2,1,0.9323192834854126,0,1,0.9317675828933716,0.3233722746372223,0
545df1bbcd61,1,0,0.5884280800819397,0,0,0.5791680812835693,1.2572534084320068,0
e19936582c61,3,2,0.9135002493858337,0,2,0.9068484902381897,0.40449708700180054,0
c58e5c0c5b33,0,0,0.9956648945808411,1,0,0.9954500198364258,0.034448206424713135,1
3ca12e02dd4e,0,0,0.9966188669204712,1,0,0.996593713760376,0.026254689320921898,1
259d30f693b6,1,0,0.5353124737739563,0,0,0.5286616683006287,1.3012094497680664,0
f0860c21533b,0,0,0.9904674887657166,1,0,0.9898180961608887,0.07001113146543503,1
13063d1bc4ea,2,2,0.3893861472606659,1,2,0.38570842146873474,1.201883316040039,1
d952dbfb0fe4,2,3,0.6896682381629944,0,3,0.6778857707977295,0.8664329648017883,0
3e1f8fecb06f,2,3,0.8959925770759583,0,3,0.8900566101074219,0.4240107536315918,0
96ce10a1dbd7,0,0,0.9509366750717163,1,0,0.9495840668678284,0.26500722765922546,1
eb1d37b71fd1,4,3,0.3815336227416992,0,3,0.3828640878200531,1.3967676162719727,0
937bc1b924b1,0,0,0.9970945119857788,1,0,0.9971189498901367,0.023560641333460808,1
233d948e2544,0,0,0.9427548050880432,1,0,0.9316068291664124,0.2807004153728485,1
a62ea0043aa7,2,2,0.5958853363990784,1,2,0.5600829720497131,1.0954424142837524,1
b8fb9f55cd6d,2,2,0.9253819584846497,1,2,0.918716549873352,0.3206457495689392,1
a21b37719f9b,2,2,0.5212147831916809,1,2,0.5086438059806824,1.1259446144104004,1
902dc5a91a3f,0,0,0.9856067895889282,1,0,0.9848176836967468,0.094732366502285,1
31616ff6b53b,3,3,0.6271931529045105,1,3,0.6265538334846497,0.9383644461631775,1
e6a6acf7fca1,2,2,0.7902425527572632,1,2,0.7741696238517761,0.6601940989494324,1
b82dfa63a75f,0,0,0.9950430393218994,1,0,0.9948197603225708,0.03902725130319595,1
cf8f1bc7a215,0,0,0.9912394881248474,1,0,0.9904635548591614,0.06569036841392517,1
51da6aebba8f,3,3,0.950268030166626,1,3,0.9428353309631348,0.2603214383125305,1
475c7ded0f7a,2,2,0.6675819754600525,1,2,0.6539651155471802,0.9904584884643555,1
aa94cc4bfd84,0,0,0.9876590371131897,1,0,0.9857149124145508,0.08949292451143265,1
ea1d045f9fea,2,2,0.5545533895492554,1,2,0.5264902114868164,1.1602756977081299,1
3e3a3955b9c5,3,4,0.6662445664405823,0,4,0.6716665029525757,0.9557408690452576,0
cd941e5bc659,0,0,0.9819783568382263,1,0,0.982720673084259,0.10939361900091171,1
ca0f1a17c8e5,2,2,0.7864009141921997,1,2,0.7854785919189453,0.7059956192970276,1
d1f1ea894da1,2,2,0.5461782813072205,1,2,0.5351344347000122,0.9617562294006348,1
a9b3177f01c0,0,0,0.9897109866142273,1,0,0.9895310997962952,0.07196855545043945,1
875a2fc5fe23,4,3,0.6382130980491638,0,3,0.6187679767608643,0.9775339365005493,0
4b237b958555,0,0,0.965362012386322,1,0,0.963138997554779,0.19379755854606628,1
27e2be850a99,4,4,0.8912239670753479,1,4,0.8810244202613831,0.47839048504829407,1
f72ef9ceeaa8,1,1,0.6271244287490845,1,1,0.6350544095039368,1.006502389907837,1
26fc2358a38d,0,0,0.9971024394035339,1,0,0.9966044425964355,0.0265443604439497,1
ae61e19fb766,0,0,0.9959050416946411,1,0,0.9958401322364807,0.03227808326482773,1
78d53c82a23e,2,2,0.7324343919754028,1,2,0.7307789921760559,0.8045170903205872,1
ceb32a193eff,0,0,0.9736071825027466,1,0,0.9715288281440735,0.14324377477169037,1
92e3d608fd3c,0,0,0.9822011590003967,1,0,0.9820728898048401,0.11272743344306946,1
1c4d87baaffc,2,1,0.8527054190635681,0,1,0.8464823365211487,0.5160869359970093,0
247ac63e5510,4,4,0.49083253741264343,1,4,0.4785032570362091,1.0357531309127808,1
38c7153457e2,0,0,0.9967054724693298,1,0,0.9968792200088501,0.024114374071359634,1
b55d2ddb3e75,4,3,0.8076226115226746,0,3,0.8186690211296082,0.6018136739730835,0
69f43381317b,0,0,0.993392288684845,1,0,0.9930266737937927,0.04998847842216492,1
6110ecb3bb1c,0,0,0.9904882907867432,1,0,0.9909559488296509,0.06161113083362579,1
2735be026d44,2,2,0.6447713375091553,1,2,0.616697371006012,1.0166003704071045,1
a86c6283fd78,2,1,0.888514518737793,0,1,0.8760334849357605,0.46396225690841675,0
f999c6921e6d,2,3,0.5099535584449768,0,3,0.5183375477790833,0.9414544701576233,0
735836b1ffa6,0,2,0.5854178667068481,0,2,0.5760416388511658,1.1524043083190918,0
f48241b0c995,0,0,0.9979609251022339,1,0,0.9975882172584534,0.019522810354828835,1
282bc792d23a,2,1,0.6666958332061768,0,1,0.6618186831474304,0.9429032802581787,0
73e83a07a16d,2,1,0.48541584610939026,0,1,0.49401384592056274,1.2638972997665405,0
e16fc934069f,2,2,0.6513166427612305,1,2,0.6474701166152954,1.0145009756088257,1
3810040096cb,4,4,0.9260693192481995,1,4,0.9250510334968567,0.3303644061088562,1
302bcdb635ff,2,2,0.844898521900177,1,2,0.8257309794425964,0.6555742621421814,1
5b644a403e1f,2,3,0.8227351307868958,0,3,0.8184607625007629,0.6359366178512573,0
04ac765f91a1,1,1,0.8723289370536804,1,1,0.8658666610717773,0.4679502844810486,1
cadde4030858,0,0,0.9966788291931152,1,0,0.9966706037521362,0.02602861449122429,1
150fc7127582,0,0,0.9955337047576904,1,0,0.9954311847686768,0.03308943659067154,1
84b472c49cfa,0,0,0.9947810769081116,1,0,0.9945052862167358,0.03543946146965027,1
8241e43408a8,0,0,0.9906883239746094,1,0,0.9899256825447083,0.06673822551965714,1
5ad3dabeb2cd,0,0,0.9646729826927185,1,0,0.9630773663520813,0.2043484002351761,1
d06ccd0cf4b8,1,0,0.5610345602035522,0,0,0.566962480545044,0.9657639861106873,0
879744b9dc65,2,3,0.7811549305915833,0,3,0.7754797339439392,0.6963754892349243,0
f4d3169b468a,0,0,0.9980332255363464,1,0,0.9980974793434143,0.015834255144000053,1
ca2b54b95ade,0,0,0.946421205997467,1,0,0.9415966272354126,0.29982665181159973,1
0dce95217626,1,1,0.9591107368469238,1,1,0.9569025039672852,0.21328204870224,1
60e269e3e188,2,2,0.6053971648216248,1,2,0.5960778594017029,1.0854132175445557,1
b21abe5d9722,0,0,0.9884739518165588,1,0,0.9883299469947815,0.0770452618598938,1
49e4b95ee2dc,0,0,0.9808852076530457,1,0,0.9773033857345581,0.12439800053834915,1
821789e9053f,1,0,0.40578216314315796,0,0,0.40687882900238037,1.4067676067352295,0
f8fc411092c7,2,2,0.8824136257171631,1,2,0.8743431568145752,0.4845585823059082,1
a45d77edf8d9,2,1,0.6358888745307922,0,1,0.6215478181838989,0.935289740562439,0
263d8851e33b,0,0,0.9936591982841492,1,0,0.9933352470397949,0.04857839643955231,1
9e5737f771c3,0,0,0.9801968336105347,1,0,0.9776850342750549,0.13419996201992035,1
09f6ab477654,2,2,0.7568534016609192,1,2,0.7366047501564026,0.8151220083236694,1
f03d3c4ce7fb,4,2,0.8201399445533752,0,2,0.8113824725151062,0.6703641414642334,0
6531070bf03c,2,4,0.7037153840065002,0,4,0.7186160087585449,0.7594814300537109,0
14515b8f19b6,2,2,0.5653930902481079,1,2,0.5351113080978394,1.0994590520858765,1
eed4afc8ec83,1,0,0.9432500004768372,0,0,0.939026415348053,0.29500991106033325,0
194814669fee,1,2,0.8519279956817627,0,2,0.8436340093612671,0.476097047328949,0
a386ec9aabde,2,3,0.4905819594860077,0,3,0.5019004344940186,1.0107555389404297,0
b5204c0decc7,0,0,0.9933650493621826,1,0,0.9925218224525452,0.052375126630067825,1
8d4ff745a409,0,0,0.9831756353378296,1,0,0.9838289022445679,0.10389184206724167,1
54bbe3da103e,2,2,0.7941080927848816,1,2,0.7894461154937744,0.7503625154495239,1
4b6cb0bcfd44,0,0,0.9888247847557068,1,0,0.9883546829223633,0.07765704393386841,1
08c60c647673,0,0,0.9598247408866882,1,0,0.9575300812721252,0.21174019575119019,1
e907d23cce3d,0,0,0.9793103337287903,1,0,0.9785054922103882,0.13080066442489624,1
ead23cc922ed,1,1,0.8638267517089844,1,1,0.8658320307731628,0.459476113319397,1
44c869174e3a,2,2,0.919251024723053,1,2,0.9107838273048401,0.3428756594657898,1
3a61e690f4bb,2,3,0.40381425619125366,0,3,0.39001190662384033,1.2264494895935059,0
633fe9dbaf39,0,0,0.9994990825653076,1,0,0.9992638230323792,0.006767739076167345,1
b0b3b16fc305,0,0,0.9859535098075867,1,0,0.9858524799346924,0.08591465651988983,1
d4583e9525dc,0,0,0.9978273510932922,1,0,0.9976767301559448,0.019181225448846817,1
d4be0403e6ab,2,0,0.5362452864646912,0,0,0.5310997366905212,1.1091762781143188,0
a721efb1e049,2,2,0.7479914426803589,1,2,0.7435460686683655,0.7666704058647156,1
7116128c65ab,1,1,0.6389853954315186,1,1,0.6664096117019653,0.7494262456893921,1
d364423ec6f9,2,2,0.8114269375801086,1,2,0.8101571798324585,0.6530083417892456,1
c9e697117f3f,0,0,0.9783898591995239,1,0,0.9768455028533936,0.13889744877815247,1
f02057c41256,0,0,0.9946183562278748,1,0,0.9935473799705505,0.04413357377052307,1
3ac92ac3d65a,0,0,0.9973848462104797,1,0,0.9971694350242615,0.022929538041353226,1
e893e86dde94,0,0,0.9947417974472046,1,0,0.9936908483505249,0.04557475447654724,1
